{"WeaponInfo":{"1":{"WeaponId":6000001,"KeyId":1,"Level":0,"Exp":0,"StarLevel":0,"RefineLevel":0,"RoleId":0},"10":{"WeaponId":6000001,"KeyId":10,"Level":0,"Exp":0,"StarLevel":0,"RefineLevel":0,"RoleId":0},"11":{"WeaponId":6000001,"KeyId":11,"Level":0,"Exp":0,"StarLevel":0,"RefineLevel":0,"RoleId":0},"12":{"WeaponId":6000001,"KeyId":12,"Level":0,"Exp":0,"StarLevel":0,"RefineLevel":0,"RoleId":0},"13":{"WeaponId":6000001,"KeyId":13,"Level":0,"Exp":0,"StarLevel":0,"RefineLevel":0,"RoleId":0},"14":{"WeaponId":6000001,"KeyId":14,"Level":0,"Exp":0,"StarLevel":0,"RefineLevel":0,"RoleId":0},"15":{"WeaponId":6000001,"KeyId":15,"Level":0,"Exp":0,"StarLevel":0,"RefineLevel":0,"RoleId":0},"16":{"WeaponId":6000001,"KeyId":16,"Level":0,"Exp":0,"StarLevel":0,"RefineLevel":0,"RoleId":0},"17":{"WeaponId":6000002,"KeyId":17,"Level":0,"Exp":0,"StarLevel":0,"RefineLevel":0,"RoleId":0},"18":{"WeaponId":6000002,"KeyId":18,"Level":0,"Exp":0,"StarLevel":0,"RefineLevel":0,"RoleId":0},"19":{"WeaponId":6000002,"KeyId":19,"Level":0,"Exp":0,"StarLevel":0,"RefineLevel":0,"RoleId":0},"2":{"WeaponId":6000001,"KeyId":2,"Level":0,"Exp":0,"StarLevel":0,"RefineLevel":0,"RoleId":0},"20":{"WeaponId":6000002,"KeyId":20,"Level":0,"Exp":0,"StarLevel":0,"RefineLevel":0,"RoleId":0},"21":{"WeaponId":6000002,"KeyId":21,"Level":0,"Exp":0,"StarLevel":0,"RefineLevel":0,"RoleId":0},"22":{"WeaponId":6000001,"KeyId":22,"Level":0,"Exp":0,"StarLevel":0,"RefineLevel":0,"RoleId":0},"23":{"WeaponId":6000001,"KeyId":23,"Level":0,"Exp":0,"StarLevel":0,"RefineLevel":0,"RoleId":0},"24":{"WeaponId":6000001,"KeyId":24,"Level":0,"Exp":0,"StarLevel":0,"RefineLevel":0,"RoleId":0},"25":{"WeaponId":6000001,"KeyId":25,"Level":0,"Exp":0,"StarLevel":0,"RefineLevel":0,"RoleId":0},"26":{"WeaponId":6000001,"KeyId":26,"Level":0,"Exp":0,"StarLevel":0,"RefineLevel":0,"RoleId":0},"27":{"WeaponId":6000001,"KeyId":27,"Level":0,"Exp":0,"StarLevel":0,"RefineLevel":0,"RoleId":0},"28":{"WeaponId":6000001,"KeyId":28,"Level":0,"Exp":0,"StarLevel":0,"RefineLevel":0,"RoleId":0},"29":{"WeaponId":6000001,"KeyId":29,"Level":0,"Exp":0,"StarLevel":0,"RefineLevel":0,"RoleId":0},"3":{"WeaponId":6000001,"KeyId":3,"Level":0,"Exp":0,"StarLevel":0,"RefineLevel":0,"RoleId":0},"30":{"WeaponId":6000001,"KeyId":30,"Level":0,"Exp":0,"StarLevel":0,"RefineLevel":0,"RoleId":0},"31":{"WeaponId":6000001,"KeyId":31,"Level":0,"Exp":0,"StarLevel":0,"RefineLevel":0,"RoleId":0},"32":{"WeaponId":6000001,"KeyId":32,"Level":0,"Exp":0,"StarLevel":0,"RefineLevel":0,"RoleId":0},"33":{"WeaponId":6000001,"KeyId":33,"Level":0,"Exp":0,"StarLevel":0,"RefineLevel":0,"RoleId":0},"34":{"WeaponId":6000001,"KeyId":34,"Level":0,"Exp":0,"StarLevel":0,"RefineLevel":0,"RoleId":0},"35":{"WeaponId":6000001,"KeyId":35,"Level":0,"Exp":0,"StarLevel":0,"RefineLevel":0,"RoleId":0},"36":{"WeaponId":6000001,"KeyId":36,"Level":0,"Exp":0,"StarLevel":0,"RefineLevel":0,"RoleId":0},"37":{"WeaponId":6000001,"KeyId":37,"Level":0,"Exp":0,"StarLevel":0,"RefineLevel":0,"RoleId":0},"38":{"WeaponId":6000001,"KeyId":38,"Level":0,"Exp":0,"StarLevel":0,"RefineLevel":0,"RoleId":0},"39":{"WeaponId":6000001,"KeyId":39,"Level":0,"Exp":0,"StarLevel":0,"RefineLevel":0,"RoleId":0},"4":{"WeaponId":6000002,"KeyId":4,"Level":0,"Exp":0,"StarLevel":0,"RefineLevel":0,"RoleId":0},"40":{"WeaponId":6000001,"KeyId":40,"Level":0,"Exp":0,"StarLevel":0,"RefineLevel":0,"RoleId":0},"41":{"WeaponId":6000001,"KeyId":41,"Level":0,"Exp":0,"StarLevel":0,"RefineLevel":0,"RoleId":0},"42":{"WeaponId":6000001,"KeyId":42,"Level":0,"Exp":0,"StarLevel":0,"RefineLevel":0,"RoleId":0},"43":{"WeaponId":6000001,"KeyId":43,"Level":0,"Exp":0,"StarLevel":0,"RefineLevel":0,"RoleId":0},"44":{"WeaponId":6000001,"KeyId":44,"Level":0,"Exp":0,"StarLevel":0,"RefineLevel":0,"RoleId":0},"45":{"WeaponId":6000001,"KeyId":45,"Level":0,"Exp":0,"StarLevel":0,"RefineLevel":0,"RoleId":0},"5":{"WeaponId":6000001,"KeyId":5,"Level":0,"Exp":0,"StarLevel":0,"RefineLevel":0,"RoleId":0},"6":{"WeaponId":6000001,"KeyId":6,"Level":0,"Exp":0,"StarLevel":0,"RefineLevel":0,"RoleId":0},"7":{"WeaponId":6000001,"KeyId":7,"Level":0,"Exp":0,"StarLevel":0,"RefineLevel":0,"RoleId":0},"8":{"WeaponId":6000001,"KeyId":8,"Level":0,"Exp":0,"StarLevel":0,"RefineLevel":0,"RoleId":0},"9":{"WeaponId":6000001,"KeyId":9,"Level":0,"Exp":0,"StarLevel":0,"RefineLevel":0,"RoleId":0}},"MaxKey":45}